,Criteria
0,Industry & Teaching experience
1,Certification
2,Industry & Teaching experience
3,Researcher
4,Researcher/Curriculum Development
5,Industry & Teaching experience
6,Industry & Teaching experience
7,Industry & Teaching experience
8,Industry & Teaching experience
9,Industry & Teaching experience
10,Industry & Teaching experience
11,Industry & Teaching experience
12,Industry & Teaching experience
13,Industry & Teaching experience
14,Industry & Teaching experience
15,Industry & Teaching experience
16,Industry & Teaching experience
17,Researcher
18,Industry & Teaching experience
19,Industry & Teaching experience
20,Industry & Teaching experience
21,Industry & Teaching experience
22,Industry & Teaching experience
23,Industry & Teaching experience
24,Industry & Teaching experience
25,Industry & Teaching experience
26,Certification
27,Industry & Teaching experience
28,Industry & Teaching experience
29,Industry & Teaching experience
30,Industry & Teaching experience
31,Industry & Teaching experience
32,Industry & Teaching experience
33,Industry & Teaching experience
34,Industry & Teaching experience
35,Industry & Teaching experience
36,Industry & Teaching experience
37,Industry & Teaching experience
38,Industry & Teaching experience
39,Industry & Teaching experience
40,Industry & Teaching experience
41,Certification
42,Industry & Teaching experience
43,Industry & Teaching experience
44,Industry & Teaching experience
45,Industry & Teaching experience
46,Industry & Teaching experience
47,Certification
48,Industry & Teaching experience
49,Industry & Teaching experience
50,Industry & Teaching experience
51,Researcher
52,Researcher
53,Industry & Teaching experience
54,Researcher
55,Industry & Teaching experience
56,Industry & Teaching experience
57,Certification/Curriculum Development
58,Researcher
59,Industry & Teaching experience
60,Industry & Teaching experience
61,Industry & Teaching experience
62,Industry & Teaching experience
63,Industry & Teaching experience
64,Industry & Teaching experience
65,Industry & Teaching experience
66,Industry & Teaching experience
67,Industry & Teaching experience
68,Industry & Teaching experience
69,Industry & Teaching experience
70,Industry & Teaching experience
71,Industry & Teaching experience
72,Industry & Teaching experience
73,Industry & Teaching experience
74,Industry & Teaching experience
75,Industry & Teaching experience
76,Industry & Teaching experience
77,Industry & Teaching experience
78,Industry & Teaching experience
79,Industry & Teaching experience
80,Industry & Teaching experience
81,Certification
82,Industry & Teaching experience
83,Certification
84,Industry & Teaching experience
85,Industry & Teaching experience
86,Industry & Teaching experience
87,Industry & Teaching experience
88,Certification
89,Industry & Teaching experience
90,Certification
91,Certification
92,Certification
93,Industry & Teaching experience
94,Industry & Teaching experience
95,Industry & Teaching experience
96,Industry & Teaching experience
97,Industry & Teaching experience
98,Industry & Teaching experience
99,Industry & Teaching experience
100,Industry & Teaching experience
101,Industry & Teaching experience
102,Certification/Researcher/Curriculum Development
103,Industry & Teaching experience
104,Industry & Teaching experience
105,Researcher
106,Certification
107,Certification/Curriculum Development
108,Industry & Teaching experience
109,Certification
110,Industry & Teaching experience
111,Certification
112,Industry & Teaching experience
113,Industry & Teaching experience
114,Certification
115,Certification
116,Industry & Teaching experience
117,Industry & Teaching experience
118,Certification
119,Certification
120,Certification
121,Industry & Teaching experience
122,Certification
123,Industry & Teaching experience
124,Industry & Teaching experience
125,Industry & Teaching experience
126,Industry & Teaching experience
127,Industry & Teaching experience
128,Certification
129,Industry & Teaching experience
130,Certification
131,Certification
132,Certification
133,Researcher
134,Industry & Teaching experience
135,Industry & Teaching experience
136,Industry & Teaching experience
137,Industry & Teaching experience
138,Industry & Teaching experience
139,Industry & Teaching experience
140,Industry & Teaching experience
141,Industry & Teaching experience
142,Industry & Teaching experience
143,Industry & Teaching experience
144,Industry & Teaching experience
145,Industry & Teaching experience
146,Industry & Teaching experience
147,Industry & Teaching experience
148,Industry & Teaching experience
149,Industry & Teaching experience
150,Industry & Teaching experience
151,Industry & Teaching experience
152,Industry & Teaching experience
153,Industry & Teaching experience
154,Industry & Teaching experience
155,Industry & Teaching experience
156,Industry & Teaching experience
157,Industry & Teaching experience
158,Industry & Teaching experience
159,Industry & Teaching experience
160,Industry & Teaching experience
161,Industry & Teaching experience
162,Industry & Teaching experience
163,Industry & Teaching experience
164,Industry & Teaching experience
165,Industry & Teaching experience
166,Industry & Teaching experience
167,Industry & Teaching experience
168,Industry & Teaching experience
169,Industry & Teaching experience
170,Industry & Teaching experience
171,Industry & Teaching experience
172,Industry & Teaching experience
173,Industry & Teaching experience
174,Industry & Teaching experience
175,Industry & Teaching experience
176,Industry & Teaching experience
177,Industry & Teaching experience
178,Industry & Teaching experience
179,Industry & Teaching experience
180,Industry & Teaching experience
181,Industry & Teaching experience
182,Industry & Teaching experience
183,Industry & Teaching experience
184,Industry & Teaching experience
185,Industry & Teaching experience
186,Industry & Teaching experience
187,Industry & Teaching experience
188,Industry & Teaching experience
189,Industry & Teaching experience
190,Industry & Teaching experience
191,Industry & Teaching experience
192,Industry & Teaching experience
193,Industry & Teaching experience
194,Industry & Teaching experience
195,Industry & Teaching experience
196,Industry & Teaching experience
197,Industry & Teaching experience
198,Industry & Teaching experience
199,Industry & Teaching experience
200,Certification
201,Researcher/Curriculum Development
202,Industry & Teaching experience
203,Industry & Teaching experience
204,Industry & Teaching experience
205,Industry & Teaching experience
206,Industry & Teaching experience
207,Industry & Teaching experience
208,Industry & Teaching experience
209,Researcher
210,Industry & Teaching experience
211,Trainee
212,Trainee
213,Industry & Teaching experience
214,Industry & Teaching experience
215,Industry & Teaching experience
216,Industry & Teaching experience
217,Industry & Teaching experience
218,Industry & Teaching experience
219,Industry & Teaching experience
220,Industry & Teaching experience
221,Industry & Teaching experience
222,Industry & Teaching experience
223,Industry & Teaching experience
224,Industry & Teaching experience
225,Researcher
226,Industry & Teaching experience
227,Certification/Curriculum Development
228,Industry & Teaching experience
229,Researcher
230,Researcher
231,Industry & Teaching experience
232,Industry & Teaching experience
233,Industry & Teaching experience
234,Industry & Teaching experience
235,Industry & Teaching experience
236,Industry & Teaching experience
237,Industry & Teaching experience
238,Certification
239,Industry & Teaching experience
240,Industry & Teaching experience
241,Industry & Teaching experience
242,Industry & Teaching experience
243,Industry & Teaching experience
244,Industry & Teaching experience
245,Industry & Teaching experience
246,Industry & Teaching experience
247,Certification
248,Certification
249,Industry & Teaching experience
250,Industry & Teaching experience
251,Industry & Teaching experience
252,Industry & Teaching experience
253,Industry & Teaching experience
254,Industry & Teaching experience
255,Industry & Teaching experience
256,Industry & Teaching experience
257,Industry & Teaching experience
258,Industry & Teaching experience
259,Industry & Teaching experience
260,Industry & Teaching experience
261,Industry & Teaching experience
262,Industry & Teaching experience
263,Industry & Teaching experience
264,Industry & Teaching experience
265,Industry & Teaching experience
266,Industry & Teaching experience
267,Industry & Teaching experience
268,Industry & Teaching experience
269,Industry & Teaching experience
270,Industry & Teaching experience
271,Industry & Teaching experience
272,Industry & Teaching experience
273,Industry & Teaching experience
274,Industry & Teaching experience
275,Industry & Teaching experience
276,Industry & Teaching experience
277,Industry & Teaching experience
278,Researcher/Curriculum Development
279,Researcher
280,Researcher/Curriculum Development
281,Certification/Researcher
282,Researcher
283,Researcher
